id,scientific_name,genus,species,display_name,common_name,google_drive_id,image_url,validation_status,is_featured,photographer,ai_description,created_at,updated_at
1,Cattleya trianae,Cattleya,trianae,Cattleya trianae,Christmas Orchid,185MlwyxBU8Dy6bqGdwXXPeBXTlhg5M0I,,approved,1,FCOS Collection,Beautiful Christmas orchid in full bloom,2025-08-27 03:47:16,2025-08-27 03:47:16
2,Phalaenopsis amabilis,Phalaenopsis,amabilis,Phalaenopsis amabilis,Moon Orchid,1BKz8H8n9pQ3jZ8QeH8N9pQ3jZ8QeH8N9,,approved,1,FCOS Collection,Elegant white moon orchid,2025-08-27 03:47:16,2025-08-27 03:47:16
3,Dendrobium nobile,Dendrobium,nobile,Dendrobium nobile,Noble Dendrobium,1CXz9I9o0sR4kA9RfI9O0sR4kA9RfI9O0,,approved,0,FCOS Collection,Classic dendrobium with purple flowers,2025-08-27 03:47:16,2025-08-27 03:47:16
4,Vanda coerulea,Vanda,coerulea,Vanda coerulea,Blue Vanda,1DYa0J0p1tS5lB0SgJ0P1tS5lB0SgJ0P1,,approved,0,FCOS Collection,Stunning blue vanda orchid,2025-08-27 03:47:16,2025-08-27 03:47:16
