<?xml version="1.0" encoding="UTF-8"?>
<archive xmlns="http://rs.tdwg.org/dwc/text/" metadata="eml.xml">
  <core encoding="UTF-8" linesTerminatedBy="\n" fieldsTerminatedBy="\t" fieldsEnclosedBy='"' ignoreHeaderLines="1" rowType="http://rs.tdwg.org/dwc/terms/Occurrence">
    <files>
      <location>occurrence.txt</location>
    </files>
    <id index="0"/>
    <field index="0" term="http://rs.tdwg.org/dwc/terms/occurrenceID"/>
    <field index="1" term="http://rs.tdwg.org/dwc/terms/basisOfRecord"/>
    <field index="2" term="http://rs.tdwg.org/dwc/terms/scientificName"/>
    <field index="3" term="http://rs.tdwg.org/dwc/terms/scientificNameAuthorship"/>
    <field index="4" term="http://rs.tdwg.org/dwc/terms/taxonRank"/>
    <field index="5" term="http://rs.tdwg.org/dwc/terms/kingdom"/>
    <field index="6" term="http://rs.tdwg.org/dwc/terms/family"/>
    <field index="7" term="http://rs.tdwg.org/dwc/terms/genus"/>
    <field index="8" term="http://rs.tdwg.org/dwc/terms/specificEpithet"/>
    <field index="9" term="http://rs.tdwg.org/dwc/terms/infraspecificEpithet"/>
    <field index="10" term="http://rs.tdwg.org/dwc/terms/taxonRemarks"/>
    <field index="11" term="http://rs.tdwg.org/dwc/terms/eventDate"/>
    <field index="12" term="http://rs.tdwg.org/dwc/terms/year"/>
    <field index="13" term="http://rs.tdwg.org/dwc/terms/month"/>
    <field index="14" term="http://rs.tdwg.org/dwc/terms/day"/>
    <field index="15" term="http://rs.tdwg.org/dwc/terms/recordedBy"/>
    <field index="16" term="http://rs.tdwg.org/dwc/terms/identifiedBy"/>
    <field index="17" term="http://rs.tdwg.org/dwc/terms/decimalLatitude"/>
    <field index="18" term="http://rs.tdwg.org/dwc/terms/decimalLongitude"/>
    <field index="19" term="http://rs.tdwg.org/dwc/terms/coordinateUncertaintyInMeters"/>
    <field index="20" term="http://rs.tdwg.org/dwc/terms/country"/>
    <field index="21" term="http://rs.tdwg.org/dwc/terms/countryCode"/>
    <field index="22" term="http://rs.tdwg.org/dwc/terms/stateProvince"/>
    <field index="23" term="http://rs.tdwg.org/dwc/terms/county"/>
    <field index="24" term="http://rs.tdwg.org/dwc/terms/locality"/>
    <field index="25" term="http://rs.tdwg.org/dwc/terms/elevation"/>
    <field index="26" term="http://rs.tdwg.org/dwc/terms/elevationUnit"/>
    <field index="27" term="http://rs.tdwg.org/dwc/terms/habitat"/>
    <field index="28" term="http://rs.tdwg.org/dwc/terms/associatedTaxa"/>
    <field index="29" term="http://rs.tdwg.org/dwc/terms/occurrenceRemarks"/>
    <field index="30" term="http://rs.tdwg.org/dwc/terms/catalogNumber"/>
    <field index="31" term="http://rs.tdwg.org/dwc/terms/institutionCode"/>
    <field index="32" term="http://rs.tdwg.org/dwc/terms/collectionCode"/>
    <field index="33" term="http://purl.org/dc/terms/license"/>
    <field index="34" term="http://purl.org/dc/terms/rightsHolder"/>
  </core>
</archive>